{
  "benchmark_date": "2025-06-27 13:32:13",
  "iterations": 50000,
  "runs": 5,
  "results": {
    "llm_logger_sync": {
      "total_time": {
        "mean": 5.200674074798007,
        "stdev": 0.07386893652303175,
        "min": 5.104890542002977,
        "max": 5.288927707995754
      },
      "ops_per_second": {
        "mean": 9615.693422355836,
        "stdev": 136.86223119703743,
        "min": 9453.712124748925,
        "max": 9794.529302558129
      },
      "time_per_op_us": {
        "mean": 104.01348149596015,
        "stdev": 1.4773787304606352,
        "min": 102.09781084005954,
        "max": 105.77855415991507
      },
      "peak_memory_mb": {
        "mean": 2.0898923873901367,
        "stdev": 0.017556387088787005,
        "min": 2.062929153442383,
        "max": 2.1118545532226562
      },
      "current_memory_mb": {
        "mean": 1.1312219619750976,
        "stdev": 0.04450560969890328,
        "min": 1.0726709365844727,
        "max": 1.1936731338500977
      }
    },
    "llm_logger_async": {
      "total_time": {
        "mean": 10.619766124995659,
        "stdev": 0.2371037760134622,
        "min": 10.233644666994223,
        "max": 10.872586249999586
      },
      "ops_per_second": {
        "mean": 4710.113043938838,
        "stdev": 107.03375615758904,
        "min": 4598.721854241617,
        "max": 4885.844840915876
      },
      "time_per_op_us": {
        "mean": 212.39532249991316,
        "stdev": 4.7420755202692435,
        "min": 204.67289333988447,
        "max": 217.4517249999917
      },
      "peak_memory_mb": {
        "mean": 213.49006938934326,
        "stdev": 1.0275334102124072,
        "min": 212.9391212463379,
        "max": 215.32287311553955
      },
      "current_memory_mb": {
        "mean": 148.49100875854492,
        "stdev": 0.9432764721273088,
        "min": 148.00097274780273,
        "max": 150.17601490020752
      }
    },
    "optimized_logger_sync": {
      "total_time": {
        "mean": 2.1074813663988605,
        "stdev": 0.14083469524851144,
        "min": 1.9177517909993185,
        "max": 2.2346154999977443
      },
      "ops_per_second": {
        "mean": 23812.22987733485,
        "stdev": 1632.6865703937679,
        "min": 22375.213990975393,
        "max": 26072.19570054244
      },
      "time_per_op_us": {
        "mean": 42.149627327977214,
        "stdev": 2.816693904970229,
        "min": 38.35503581998637,
        "max": 44.69230999995489
      },
      "peak_memory_mb": {
        "mean": 0.015236091613769532,
        "stdev": 0.005192943242121214,
        "min": 0.010853767395019531,
        "max": 0.023601531982421875
      },
      "current_memory_mb": {
        "mean": 0.005371284484863281,
        "stdev": 0.005192943242121214,
        "min": 0.0009889602661132812,
        "max": 0.013736724853515625
      }
    },
    "optimized_logger_async": {
      "total_time": {
        "mean": 2.2571331499988445,
        "stdev": 0.06984777782223196,
        "min": 2.1796245420118794,
        "max": 2.3361982079950394
      },
      "ops_per_second": {
        "mean": 22168.930127998075,
        "stdev": 684.1989400909492,
        "min": 21402.293619132066,
        "max": 22939.73069042801
      },
      "time_per_op_us": {
        "mean": 45.14266299997689,
        "stdev": 1.3969555564446392,
        "min": 43.59249084023759,
        "max": 46.72396415990079
      },
      "peak_memory_mb": {
        "mean": 0.010969161987304688,
        "stdev": 9.869722895471254e-05,
        "min": 0.010918617248535156,
        "max": 0.011145591735839844
      },
      "current_memory_mb": {
        "mean": 0.001102447509765625,
        "stdev": 9.869722895471254e-05,
        "min": 0.0010519027709960938,
        "max": 0.0012788772583007812
      }
    }
  }
}