{
  "benchmark_date": "2025-06-27 13:39:28",
  "iterations": 50000,
  "runs": 5,
  "results": {
    "llm_logger_sync": {
      "total_time": {
        "mean": 5.0599059334024785,
        "stdev": 0.09162246499721086,
        "min": 4.933289375010645,
        "max": 5.178973499991116
      },
      "ops_per_second": {
        "mean": 9884.204269451859,
        "stdev": 179.3451997944065,
        "min": 9654.422831104614,
        "max": 10135.225444765667
      },
      "time_per_op_us": {
        "mean": 101.19811866804957,
        "stdev": 1.832449299944217,
        "min": 98.6657875002129,
        "max": 103.57946999982232
      },
      "peak_memory_mb": {
        "mean": 2.0542421340942383,
        "stdev": 0.041936932516810285,
        "min": 2.0210609436035156,
        "max": 2.1123647689819336
      },
      "current_memory_mb": {
        "mean": 1.1138769149780274,
        "stdev": 0.07738913030260544,
        "min": 0.9924354553222656,
        "max": 1.1825647354125977
      }
    },
    "optimized_logger_sync": {
      "total_time": {
        "mean": 2.1030036086041948,
        "stdev": 0.07469814600960797,
        "min": 2.0147067080106353,
        "max": 2.217297334005707
      },
      "ops_per_second": {
        "mean": 23799.171748608343,
        "stdev": 832.8683789459442,
        "min": 22549.97524832243,
        "max": 24817.508077575756
      },
      "time_per_op_us": {
        "mean": 42.06007217208389,
        "stdev": 1.4939629201921594,
        "min": 40.29413416021271,
        "max": 44.34594668011414
      },
      "peak_memory_mb": {
        "mean": 0.011247634887695312,
        "stdev": 0.0001288378352893967,
        "min": 0.011141777038574219,
        "max": 0.011445999145507812
      },
      "current_memory_mb": {
        "mean": 0.0013828277587890625,
        "stdev": 0.0001288378352893967,
        "min": 0.0012769699096679688,
        "max": 0.0015811920166015625
      }
    },
    "enhanced_logger_sync": {
      "total_time": {
        "mean": 1.1923707999987527,
        "stdev": 0.02592364158894293,
        "min": 1.1707956660102354,
        "max": 1.2308918339986121
      },
      "ops_per_second": {
        "mean": 41948.92310913557,
        "stdev": 900.3457246209458,
        "min": 40620.95353868143,
        "max": 42706.00024544581
      },
      "time_per_op_us": {
        "mean": 23.847415999975055,
        "stdev": 0.5184728317788586,
        "min": 23.41591332020471,
        "max": 24.617836679972243
      },
      "peak_memory_mb": {
        "mean": 1.9138643264770507,
        "stdev": 0.012805765771962158,
        "min": 1.8991079330444336,
        "max": 1.9322891235351562
      },
      "current_memory_mb": {
        "mean": 1.6924383163452148,
        "stdev": 0.12645946245618936,
        "min": 1.5439634323120117,
        "max": 1.8238706588745117
      }
    },
    "llm_logger_async": {
      "total_time": {
        "mean": 10.529948658199283,
        "stdev": 0.08911487256440437,
        "min": 10.38341425001272,
        "max": 10.623981625001761
      },
      "ops_per_second": {
        "mean": 4748.635193994577,
        "stdev": 40.46548279179212,
        "min": 4706.333441158574,
        "max": 4815.371783894565
      },
      "time_per_op_us": {
        "mean": 210.59897316398565,
        "stdev": 1.7822974512880874,
        "min": 207.6682850002544,
        "max": 212.47963250003522
      },
      "peak_memory_mb": {
        "mean": 213.41803379058837,
        "stdev": 0.9925013743739615,
        "min": 212.8011713027954,
        "max": 215.175630569458
      },
      "current_memory_mb": {
        "mean": 148.44919242858887,
        "stdev": 0.965431403312811,
        "min": 147.859356880188,
        "max": 150.16126346588135
      }
    },
    "enhanced_logger_async": {
      "total_time": {
        "mean": 2.189016333199106,
        "stdev": 0.044085874820894475,
        "min": 2.1504762500117067,
        "max": 2.2651261249993695
      },
      "ops_per_second": {
        "mean": 22848.564122664106,
        "stdev": 450.29314676692104,
        "min": 22073.826021504174,
        "max": 23250.663661004306
      },
      "time_per_op_us": {
        "mean": 43.78032666398212,
        "stdev": 0.8817174964178894,
        "min": 43.009525000234134,
        "max": 45.30252249998739
      },
      "peak_memory_mb": {
        "mean": 70.52998752593994,
        "stdev": 1.956094075290024,
        "min": 69.1401834487915,
        "max": 73.98183155059814
      },
      "current_memory_mb": {
        "mean": 33.72708683013916,
        "stdev": 1.7828135844742885,
        "min": 32.91550159454346,
        "max": 36.9162015914917
      }
    }
  }
}